Donor_ID,Age,Gender,Blood_Group,Previous_Donations,Days_Since_Last_Donation,Distance_km,Health_Status,Will_Donate_Next_3_Months
1,22,F,O+,3,90,5,Fit,Yes
2,35,M,A+,8,45,10,Fit,Yes
3,28,F,B+,2,180,12,Fit,No
4,41,M,AB+,12,30,4,Fit,Yes
5,25,F,O-,1,240,15,Fit,No
6,32,M,A-,5,60,8,Fit,Yes
7,29,F,B-,4,120,20,Fit,No
8,38,M,O+,10,25,3,Fit,Yes
9,24,F,A+,2,150,18,Fit,No
10,45,M,B+,15,20,2,Fit,Yes
11,31,F,AB-,6,70,7,Fit,Yes
12,27,M,O-,1,300,25,Fit,No
13,36,F,A+,9,40,6,Fit,Yes
14,23,M,B+,2,210,16,Fit,No
15,40,F,O+,11,35,5,Fit,Yes
16,34,M,A-,7,55,9,Fit,Yes
17,26,F,AB+,1,270,22,Fit,No
18,39,M,O+,13,28,4,Fit,Yes
19,30,F,B-,3,140,14,Fit,No
20,42,M,A+,14,22,3,Fit,Yes
